Titre,URL,Sujet,Date
Fichbach – A ta merci,https://www.bibliotheque.toulouse.fr/bibliozik/fishbach-a-ta-merci/,ark:/12148/cb171093787,2017
Firminus Caron : un compositeur franco-flamand,https://www.bibliotheque.toulouse.fr/bibliozik/firminus-caron/,ark:/12148/cb137904629,2017
Girma Béyènè & Akalé Wubé,https://www.bibliotheque.toulouse.fr/bibliozik/inserer-un-titre-ici/,ark:/12148/cb15024377n,2017
Girma Béyènè & Akalé Wubé,https://www.bibliotheque.toulouse.fr/bibliozik/inserer-un-titre-ici/,ark:/12148/cb16676576j,2017
Aaron Neville – Apache,https://www.bibliotheque.toulouse.fr/bibliozik/aaron-neville-apache/,ark:/12148/cb139313464,2017
Hélène Martin – Virage à 80,https://www.bibliotheque.toulouse.fr/bibliozik/helene-martin-virage-a-80/,ark:/12148/cb11914802x,2017
Soan – Celui qui aboie,https://www.bibliotheque.toulouse.fr/bibliozik/soan-celui-qui-aboie/,ark:/12148/cb16187984v,2017
Jarvis Cocker & Chilly Gonzales – Room 29,https://www.bibliotheque.toulouse.fr/bibliozik/jarvis-cocker-chilly-gonzales-room-29/,ark:/12148/cb151003732,2017
Jarvis Cocker & Chilly Gonzales – Room 29,https://www.bibliotheque.toulouse.fr/bibliozik/jarvis-cocker-chilly-gonzales-room-29/,ark:/12148/cb14182311h,2017
Aquaserge – Laisse ça être,https://www.bibliotheque.toulouse.fr/bibliozik/aquaserge-laisse-ca-etre/,ark:/12148/cb16919928s,2017
Macha Gharibian – Trans Extended,https://www.bibliotheque.toulouse.fr/bibliozik/macha-gharibian-trans-extended/,ark:/12148/cb161790672,2017
Mudcrutch – 2,https://www.bibliotheque.toulouse.fr/bibliozik/mudcrutch-2/,ark:/12148/cb15725409w,2017
Madeleine & Salomon – A Woman’s Journey,https://www.bibliotheque.toulouse.fr/bibliozik/madeleine-salomon-a-womans-journey/,ark:/12148/cb177587305,2017
Chuck Prophet – Boby Fuller Died For Your Sins,https://www.bibliotheque.toulouse.fr/bibliozik/chuck-prophet-bobby-fuller-died-for-your-sins/,ark:/12148/cb13981837k,2018
Babx – Ascensions,https://www.bibliotheque.toulouse.fr/bibliozik/babx-ascensions/,ark:/12148/cb15065110w,2018
Björn Meyer – Provenance,https://www.bibliotheque.toulouse.fr/bibliozik/bjorn-meyer-provenance/,ark:/12148/cb140368391,2018
En 2018 célébrons Claude Debussy (1862-1918),https://www.bibliotheque.toulouse.fr/bibliozik/en-2018-celebrons-claude-debussy-1862-1918/,ark:/12148/cb13893072d,2018
David Bowie - Cracked Actor : Live Los Angeles 78,https://www.bibliotheque.toulouse.fr/bibliozik/david-bowie-cracked-actor-live-los-angeles-74/,ark:/12148/cb11893660s,2018
Isildurs Bane & Steve Hogarth,https://www.bibliotheque.toulouse.fr/bibliozik/isildurs-bane-steve-hogarth/,ark:/12148/cb146498975,2018
Isildurs Bane & Steve Hogarth,https://www.bibliotheque.toulouse.fr/bibliozik/isildurs-bane-steve-hogarth/,ark:/12148/cb145765612,2018
Inna de Yard – Ken Boothe,https://www.bibliotheque.toulouse.fr/bibliozik/inna-de-yard-ken-boothe/,ark:/12148/cb178808262,2018
Goat girl,https://www.bibliotheque.toulouse.fr/bibliozik/goat-girl/,ark:/12148/cb17720429k,2018
Baloji – 137 avenue Kaniama,https://www.bibliotheque.toulouse.fr/bibliozik/baloji-137-avenue-kaniama/,ark:/12148/cb15569212p,2018
Eddy de Pretto – Cure,https://www.bibliotheque.toulouse.fr/bibliozik/eddy-de-pretto-cure/,ark:/12148/cb17715252j,2018
Charles Gounod le mérite aussi !,https://www.bibliotheque.toulouse.fr/bibliozik/charles-gounod-le-merite-aussi/,ark:/12148/cb138946384,2018
Cabbage,https://www.bibliotheque.toulouse.fr/bibliozik/cabbage/,ark:/12148/cb177723243,2018
Tamino – Amir,https://www.bibliotheque.toulouse.fr/bibliozik/tamino-amir/,ark:/12148/cb17843470b,2018
Tambours du Bronx,https://www.bibliotheque.toulouse.fr/bibliozik/tambours-du-bronx/,ark:/12148/cb13924382h,2018
Les Sheriff : énergie à gogo,https://www.bibliotheque.toulouse.fr/bibliozik/les-sheriff-energie-a-gogo/,ark:/12148/cb13933867z,2019
Myslivecek – Violin Concertos,https://www.bibliotheque.toulouse.fr/bibliozik/myslivecek-violin-concertos/,ark:/12148/cb13897840z,2019
Têtes de Chien – Face cachée,https://www.bibliotheque.toulouse.fr/bibliozik/tetes-de-chien-face-cachee/,ark:/12148/cb16654011p,2019
Rami Khalife – Lost,https://www.bibliotheque.toulouse.fr/bibliozik/rami-khalife-lost/,ark:/12148/cb16137225c,2019
J. S. Ondara – Tales of America,https://www.bibliotheque.toulouse.fr/bibliozik/j-s-ondara-tales-of-america-2019/,ark:/12148/cb17856317j,2019
Muddy Waters & The Rolling Stones – Live at The Checkboard Lounge Chicago 1981 ,https://www.bibliotheque.toulouse.fr/bibliozik/muddy-waters-the-rolling-stones-live-at-the-checkerboard-lounge-chicago-1981/,ark:/12148/cb16774246g,2019
Muddy Waters & The Rolling Stones – Live at The Checkboard Lounge Chicago 1981 ,https://www.bibliotheque.toulouse.fr/bibliozik/muddy-waters-the-rolling-stones-live-at-the-checkerboard-lounge-chicago-1981/,ark:/12148/cb13906219j,2019
Miles Davis,https://www.bibliotheque.toulouse.fr/bibliozik/miles-davis/,ark:/12148/cb13893030g,2019
Gossip et Music for men…,https://www.bibliotheque.toulouse.fr/bibliozik/gossip-et-music-for-men/,ark:/12148/cb15617955j,2019
Les oreilles qui Fuzz !,https://www.bibliotheque.toulouse.fr/bibliozik/les-oreilles-qui-fuzz/,ark:/12148/cb17002488z,2019
Diechterliebe,https://www.bibliotheque.toulouse.fr/bibliozik/diechterliebe/,ark:/12148/cb13899567n,2019
Delgres – Mo jodi,https://www.bibliotheque.toulouse.fr/bibliozik/delgres-mo-jodi/,ark:/12148/cb17910555j,2019
Rammstein,https://www.bibliotheque.toulouse.fr/bibliozik/rammstein-rammstein/,ark:/12148/cb14006978k,2019
Lorenzo Naccarato Trio,https://www.bibliotheque.toulouse.fr/bibliozik/lorenzo-naccarato-trio/,ark:/12148/cb17879492q,2019
Canine – Dune,https://www.bibliotheque.toulouse.fr/bibliozik/canine-dune/,ark:/12148/cb17775550x,2019
Nous verrons – Simon Goubert,https://www.bibliotheque.toulouse.fr/bibliozik/nous-verrons/,ark:/12148/cb139398484,2019
Pulp – This is hardcore,https://www.bibliotheque.toulouse.fr/bibliozik/this-is-hardcore-pulp/,ark:/12148/cb13961433p,2020
Stephan Eicher le retour,https://www.bibliotheque.toulouse.fr/bibliozik/stephan-eicher-le-retour/,ark:/12148/cb13893610h,2020
Gil Scott-Geron – We’re New Again : A Reimagining by Makaya McCraven,https://www.bibliotheque.toulouse.fr/bibliozik/gil-scott-heron-were-new-again-a-reimagining-by-makaya-mccraven/,ark:/12148/cb13943435f,2020
Cult of Luna – A Dawn to Fear,https://www.bibliotheque.toulouse.fr/bibliozik/cult-of-luna-a-dawn-to-fear/,ark:/12148/cb165111028,2020
The Cure – Close to Me,https://www.bibliotheque.toulouse.fr/bibliozik/close-to-me-the-cure/,ark:/12148/cb139028015,2020
Khruangbin – Con Todo el Mundo Hasta el Cielo et Texas Sun,https://www.bibliotheque.toulouse.fr/bibliozik/__trashed-3/,ark:/12148/cb169059785,2020
These New  Puritans – Inside The Rose,https://www.bibliotheque.toulouse.fr/bibliozik/these-new-puritans-inside-the-rose/,ark:/12148/cb17867945w,2020
"Bob Dylan, rétrospectif et introspectif",https://www.bibliotheque.toulouse.fr/bibliozik/bob-dylan-retrospectif-et-introspectif/,ark:/12148/cb13893566v,2020
The Strokes – The New Abnormal,https://www.bibliotheque.toulouse.fr/bibliozik/the-strokes-the-new-abnormal/,ark:/12148/cb14045292s,2020
"Odezenne, rap underground à travers les fenêtres",https://www.bibliotheque.toulouse.fr/bibliozik/odezenne-rap-underground-a-travers-les-fenetres/,ark:/12148/cb167354004,2020
Quand les Haricots Rouges font leur cinéma,https://www.bibliotheque.toulouse.fr/bibliozik/quand-les-haricots-rouges-font-leur-cinema/,ark:/12148/cb139038780,2020
Mady Mesplé…,https://www.bibliotheque.toulouse.fr/bibliozik/mady-mesple/,ark:/12148/cb138974389,2020
Denez Prigent,https://www.bibliotheque.toulouse.fr/bibliozik/denez-prigent/,ark:/12148/cb139628184,2020
"The Allah-las, ou une divine envie de plage, soleil, surf, etc.",https://www.bibliotheque.toulouse.fr/bibliozik/the-allah-las-ou-une-divine-envie-de-plage-soleil-surf-etc/,ark:/12148/cb169464796,2020
Baxter loves you !,https://www.bibliotheque.toulouse.fr/bibliozik/baxter-loves-you/,ark:/12148/cb16502890b,2020
Lyle Mays,https://www.bibliotheque.toulouse.fr/bibliozik/lyle-mays/,ark:/12148/cb13897265n,2020
Mulatu Astatke & Black Jesus Experience – To Know Withour Knowing,https://www.bibliotheque.toulouse.fr/bibliozik/mulatu-astatke-black-jesus-experience-to-know-without-knowing/,ark:/12148/cb140186831,2020
"Kwoon, au-delà du rêve",https://www.bibliotheque.toulouse.fr/bibliozik/kwoon-au-dela-du-reve/,ark:/12148/cb170543317,2020
Le quartet dans les Nuages,https://www.bibliotheque.toulouse.fr/bibliozik/le-quartet-dans-les-nuages/,ark:/12148/cb15632227k,2021
Couperin et moi,https://www.bibliotheque.toulouse.fr/bibliozik/couperin-moi/,ark:/12148/cb13892792q,2021
Bachar Mar-Khalife – On Off,https://www.bibliotheque.toulouse.fr/bibliozik/bachar-mar-khalife-on-off/,ark:/12148/cb15009507t,2021
